<?xml version="1.0" encoding="utf-8" standalone="no"?>
<problem revision="5" short-name="substings-palindrom" url="https://polygon.codeforces.com/p7FLRlM/Ormlis/substings-palindrom">
    <names>
        <name language="russian" value="Мой список аниме"/>
    </names>
    <statements>
        <statement charset="UTF-8" language="russian" mathjax="true" path="statements/russian/problem.tex" type="application/x-tex"/>
        <statement charset="UTF-8" language="russian" mathjax="true" path="statements/.html/russian/problem.html" type="text/html"/>
        <statement language="russian" path="statements/.pdf/russian/problem.pdf" type="application/pdf"/>
    </statements>
    <judging cpu-name="Intel(R) Core(TM) i3-8100 CPU @ 3.60GHz" cpu-speed="3600" input-file="" output-file="" run-count="1">
        <testset name="tests">
            <time-limit>15000</time-limit>
            <memory-limit>1073741824</memory-limit>
            <test-count>3</test-count>
            <input-path-pattern>tests/%02d</input-path-pattern>
            <answer-path-pattern>tests/%02d.a</answer-path-pattern>
            <tests>
                <test cmd="gen mode=anime" method="generated" sample="true"/>
                <test cmd="gen shuffle mode=random n=10 slen=50 T mode=pal n=10 slen=33 alen=15 T mode=random n=50 slen=50 alph=4 T shuffle mode=random n=1 slen=250 T shuffle mode=thue slen=228 alen=45 alph=3 T mode=pal n=20 slen=279 alen=341" method="generated"/>
                <test cmd="gen mode=pal n=45 slen=551 alen=228 T mode=pal n=100 slen=523 alen=505 T mode=pal n=100 slen=644 alen=710 T mode=pal n=100 slen=1240 alen=2604 T mode=pal n=50 slen=1894 alen=975 T shuffle mode=random n=1000 slen=5000 T shuffle mode=random n=2500 slen=6000 alph=3 T mode=pal n=3000 slen=5231 alen=5604 T mode=pal n=5000 slen=10438 alen=15023 T mode=random n=13000 slen=13000 alph=3 T shuffle mode=random n=1 slen=200000 alph=2 T shuffle mode=thue slen=55031 alen=45028 alph=3 T mode=pal n=3000 slen=50231 alen=44596 alph=4 T mode=pal n=10000 slen=89249 alen=67645 alph=3" method="generated"/>
            </tests>
        </testset>
    </judging>
    <files>
        <resources>
            <file path="files/olymp.sty"/>
            <file path="files/precheck.cpp" type="cpp.g++17"/>
            <file path="files/problem.tex"/>
            <file path="files/script.py" type="python.3"/>
            <file path="files/statements.ftl"/>
            <file path="files/testlib.h" type="h.g++"/>
        </resources>
        <executables>
            <executable>
                <source path="files/check.cpp" type="cpp.g++17"/>
                <binary path="files/check.exe" type="exe.win32"/>
            </executable>
            <executable>
                <source path="files/gen.cpp" type="cpp.g++17"/>
                <binary path="files/gen.exe" type="exe.win32"/>
            </executable>
            <executable>
                <source path="files/val.cpp" type="cpp.g++17"/>
                <binary path="files/val.exe" type="exe.win32"/>
            </executable>
        </executables>
    </files>
    <assets>
        <checker type="testlib">
            <source path="files/check.cpp" type="cpp.g++17"/>
            <binary path="check.exe" type="exe.win32"/>
            <copy path="check.cpp" type="cpp.g++17"/>
            <testset>
                <test-count>0</test-count>
                <input-path-pattern>files/tests/checker-tests/%02d</input-path-pattern>
                <output-path-pattern>files/tests/checker-tests/%02d.o</output-path-pattern>
                <answer-path-pattern>files/tests/checker-tests/%02d.a</answer-path-pattern>
                <tests/>
            </testset>
        </checker>
        <validators>
            <validator>
                <source path="files/val.cpp" type="cpp.g++17"/>
                <binary path="files/val.exe" type="exe.win32"/>
                <testset>
                    <test-count>0</test-count>
                    <input-path-pattern>files/tests/validator-tests/%02d</input-path-pattern>
                    <tests/>
                </testset>
            </validator>
        </validators>
        <solutions>
            <solution tag="time-limit-exceeded-or-accepted">
                <source path="solutions/default.cpp" type="cpp.g++17"/>
                <binary path="solutions/default.exe" type="exe.win32"/>
            </solution>
            <solution tag="time-limit-exceeded-or-accepted">
                <source path="solutions/default_low_mem.cpp" type="cpp.g++17"/>
                <binary path="solutions/default_low_mem.exe" type="exe.win32"/>
            </solution>
            <solution tag="main">
                <source path="solutions/fast_if_answer.cpp" type="cpp.g++17"/>
                <binary path="solutions/fast_if_answer.exe" type="exe.win32"/>
            </solution>
            <solution tag="time-limit-exceeded-or-accepted">
                <source path="solutions/fast_low_mem.cpp" type="cpp.g++17"/>
                <binary path="solutions/fast_low_mem.exe" type="exe.win32"/>
            </solution>
            <solution note="самое быстрое" tag="time-limit-exceeded-or-accepted">
                <source path="solutions/opt_fast.cpp" type="cpp.g++17"/>
                <binary path="solutions/opt_fast.exe" type="exe.win32"/>
            </solution>
            <solution tag="time-limit-exceeded-or-accepted">
                <source path="solutions/opt_states.cpp" type="cpp.g++17"/>
                <binary path="solutions/opt_states.exe" type="exe.win32"/>
            </solution>
        </solutions>
    </assets>
    <properties>
        <property name="tests-wellformed" value="true"/>
    </properties>
    <stresses>
        <stress-count>0</stress-count>
        <stress-path-pattern>stresses/%03d</stress-path-pattern>
        <list/>
    </stresses>
</problem>
